1,https://google.com
2,https://www.google.com
3,https://microsoft.com
4,https://data.microsoft.com
5,https://events.data.microsoft.com
6,https://safebrowsing.googleapis.com
7,https://live.com
8,https://doubleclick.net
9,https://g.doubleclick.net
10,https://windowsupdate.com
11,https://clientservices.googleapis.com
12,https://ctldl.windowsupdate.com
13,https://netflix.com
14,https://googleusercontent.com
15,https://apple.com
16,https://play.google.com
17,https://google-analytics.com
18,https://cloud.netflix.com
19,https://prod.cloud.netflix.com
20,https://www.googleapis.com
21,https://ftl.netflix.com
22,https://microsoftonline.com
23,https://settings-win.data.microsoft.com
24,https://login.microsoftonline.com
25,https://prod.ftl.netflix.com
26,https://bing.com
27,https://amazonaws.com
28,https://www.google-analytics.com
29,https://officeapps.live.com
30,https://facebook.com
31,https://nrdp.prod.cloud.netflix.com
32,https://office.com
33,https://update.googleapis.com
34,https://googleads.g.doubleclick.net
35,https://self.events.data.microsoft.com
36,https://office365.com
37,https://fonts.googleapis.com
38,https://digicert.com
39,https://icloud.com
40,https://mp.microsoft.com
41,https://youtube.com
42,https://nrdp-ipv6.prod.ftl.netflix.com
43,https://outlook.office365.com
44,https://skype.com
45,https://mtalk.google.com
46,https://googletagmanager.com
47,https://www.googletagmanager.com
48,https://netflix.net
49,https://partner.netflix.net
50,https://prod.partner.netflix.net
51,https://preapp.prod.partner.netflix.net
52,https://lencr.org
53,https://teams.microsoft.com
54,https://itunes.apple.com
55,https://office.net
56,https://akadns.net
57,https://akamaiedge.net
58,https://ocsp.digicert.com
59,https://clients4.google.com
60,https://optimizationguide-pa.googleapis.com
61,https://nexusrules.officeapps.live.com
62,https://ls.apple.com
63,https://com.akadns.net
64,https://apple-dns.net
65,https://lh3.googleusercontent.com
66,https://content-autofill.googleapis.com
67,https://fe.apple-dns.net
68,https://www.bing.com
69,https://msn.com
70,https://outlook.office.com
71,https://dsp.mp.microsoft.com
72,https://adservice.google.com
73,https://www.youtube.com
74,https://smartscreen.microsoft.com
75,https://edge.microsoft.com
76,https://do.dsp.mp.microsoft.com
77,https://prod.do.dsp.mp.microsoft.com
78,https://gateway.icloud.com
79,https://play.googleapis.com
80,https://accounts.google.com
81,https://stats.g.doubleclick.net
82,https://gateway.fe.apple-dns.net
83,https://aaplimg.com
84,https://config.teams.microsoft.com
85,https://login.live.com
86,https://ytimg.com
87,https://i.ytimg.com
88,https://init.itunes.apple.com
89,https://googlesyndication.com
90,https://cdn.office.net
91,https://clients6.google.com
92,https://c.lencr.org
93,https://graph.microsoft.com
94,https://g.aaplimg.com
95,https://x1.c.lencr.org
96,https://v10.events.data.microsoft.com
97,https://apis.google.com
98,https://msedge.net
99,https://edge.skype.com
100,https://config.edge.skype.com
101,https://push.apple.com
102,https://yahoo.com
103,https://pagead2.googlesyndication.com
104,https://windows.com
105,https://sharepoint.com
106,https://time.apple.com
107,https://windows.net
108,https://substrate.office.com
109,https://pki.goog
110,https://ocsp.pki.goog
111,https://app-measurement.com
112,https://measure.office.com
113,https://www.facebook.com
114,https://cloudflare.com
115,https://dsce9.akamaiedge.net
116,https://fp.measure.office.com
117,https://docs.google.com
118,https://aria.microsoft.com
119,https://pipe.aria.microsoft.com
120,https://presence.teams.microsoft.com
121,https://ecs.office.com
122,https://prod.netflix.com
123,https://push.prod.netflix.com
124,https://upload.fp.measure.office.com
125,https://roaming.officeapps.live.com
126,https://smartscreen-prod.microsoft.com
127,https://business.bing.com
128,https://data-edge.smartscreen.microsoft.com
129,https://teams.events.data.microsoft.com
130,https://ping-edge.smartscreen.microsoft.com
131,https://bag.itunes.apple.com
132,https://activity.windows.com
133,https://e673.dsce9.akamaiedge.net
134,https://clients2.google.com
135,https://ogs.google.com
136,https://api.msn.com
137,https://time.g.aaplimg.com
138,https://gvt1.com
139,https://tpc.googlesyndication.com
140,https://googleadservices.com
141,https://graph.facebook.com
142,https://signaler-pa.clients6.google.com
143,https://browser.pipe.aria.microsoft.com
144,https://lh5.googleusercontent.com
145,https://outlook.com
146,https://amazon.com
147,https://ic3.events.data.microsoft.com
148,https://weather-data.apple.com
149,https://gvt2.com
150,https://opendns.com
151,https://facebook.net
152,https://connect.facebook.net
153,https://ichnaea.netflix.com
154,https://scorecardresearch.com
155,https://core.windows.net
156,https://sb.scorecardresearch.com
157,https://blob.core.windows.net
158,https://storage.live.com
159,https://akamai.net
160,https://addons-pa.clients6.google.com
161,https://me.gvt1.com
162,https://edgedl.me.gvt1.com
163,https://assets.msn.com
164,https://ad.doubleclick.net
165,https://gcp.gvt2.com
166,https://teams.cdn.office.net
167,https://statics.teams.cdn.office.net
168,https://configuration.ls.apple.com
169,https://beacons.gcp.gvt2.com
170,https://ess.apple.com
171,https://www.googleadservices.com
172,https://delve.office.com
173,https://gsp-ssl.ls.apple.com
174,https://safebrowsing.google.com
175,https://loki.delve.office.com
176,https://adnxs.com
177,https://googlevideo.com
178,https://trouter.teams.microsoft.com
179,https://mesu.apple.com
180,https://delivery.mp.microsoft.com
181,https://enterprise.activity.windows.com
182,https://res.office365.com
183,https://smoot.apple.com
184,https://demdex.net
185,https://jnn-pa.googleapis.com
186,https://fbcdn.net
187,https://mail.google.com
188,https://instagram.com
189,https://amazon-adsystem.com
190,https://iphone-ld.apple.com
191,https://googletagservices.com
192,https://www.googletagservices.com
193,https://securepubads.g.doubleclick.net
194,https://nr-data.net
195,https://r4.res.office365.com
196,https://mobile.events.data.microsoft.com
197,https://ggpht.com
198,https://itunes-apple.com.akadns.net
199,https://static.doubleclick.net
200,https://clients3.google.com
201,https://gs-loc.apple.com
202,https://clients.google.com
203,https://android.clients.google.com
204,https://msftconnecttest.com
205,https://officeclient.microsoft.com
206,https://dpm.demdex.net
207,https://arc.msn.com
208,https://fpc.msedge.net
209,https://twitter.com
210,https://akamaized.net
211,https://cdnjs.cloudflare.com
212,https://yt3.ggpht.com
213,https://bam.nr-data.net
214,https://apple.com.akadns.net
215,https://cm.g.doubleclick.net
216,https://aa-rt.sharepoint.com
217,https://adsrvr.org
218,https://ib.adnxs.com
219,https://rubiconproject.com
220,https://mask.icloud.com
221,https://pubmatic.com
222,https://id.google.com
223,https://safebrowsing.apple
224,https://spo-ring.msedge.net
225,https://xx.fbcdn.net
226,https://azure.com
227,https://msg.teams.microsoft.com
228,https://ng.msg.teams.microsoft.com
229,https://guzzoni.apple.com
230,https://xp.apple.com
231,https://measure.office.net
232,https://update.microsoft.com
233,https://rlcdn.com
234,https://beacons.gvt2.com
235,https://www.msftconnecttest.com
236,https://nel.measure.office.net
237,https://analytics.yahoo.com
238,https://casalemedia.com
239,https://v20.events.data.microsoft.com
240,https://web.facebook.com
241,https://linkedin.com
242,https://ocsp2.apple.com
243,https://odc.officeapps.live.com
244,https://edge-mqtt.facebook.com
245,https://global.aa-rt.sharepoint.com
246,https://gr.global.aa-rt.sharepoint.com
247,https://init.push.apple.com
248,https://manage.microsoft.com
249,https://amazontrust.com
250,https://browser.events.data.microsoft.com
251,https://l.google.com
252,https://c10r.facebook.com
253,https://android.googleapis.com
254,https://weather.microsoft.com
255,https://ls-apple.com.akadns.net
256,https://c.bing.com
257,https://fe3cr.delivery.mp.microsoft.com
258,https://safesearch.googleapis.com
259,https://2mdn.net
260,https://peoplestackwebexperiments-pa.clients6.google.com
261,https://osi.office.net
262,https://bidswitch.net
263,https://origin-apple.com.akadns.net
264,https://sca1b.amazontrust.com
265,https://newrelic.com
266,https://aa.google.com
267,https://3lift.com
268,https://launchdarkly.com
269,https://s0.2mdn.net
270,https://ade.googlesyndication.com
271,https://checkappexec.microsoft.com
272,https://peoplestack-pa.clients6.google.com
273,https://gsp85-ssl.ls.apple.com
274,https://criteo.com
275,https://openx.net
276,https://s.amazon-adsystem.com
277,https://flightproxy.teams.microsoft.com
278,https://azureedge.net
279,https://amer.ng.msg.teams.microsoft.com
280,https://play-fe.googleapis.com
281,https://ssl.google-analytics.com
282,https://ocsp.sca1b.amazontrust.com
283,https://fcmconnection.googleapis.com
284,https://sentry.io
285,https://go.microsoft.com
286,https://safeframe.googlesyndication.com
287,https://ups.analytics.yahoo.com
288,https://adobe.com
289,https://tools.google.com
290,https://x.bidswitch.net
291,https://moatads.com
292,https://www.apple.com
293,https://snapchat.com
294,https://tile-service.weather.microsoft.com
295,https://cc.skype.com
296,https://www.microsoft.com
297,https://googleads4.g.doubleclick.net
298,https://protection.outlook.com
299,https://msftncsi.com
300,https://drive.google.com
301,https://us-v20.events.data.microsoft.com
302,https://beacons2.gvt2.com
303,https://cdn-apple.com
304,https://chromereporting-pa.googleapis.com
305,https://m.google.com
306,https://api.flightproxy.teams.microsoft.com
307,https://contacts.google.com
308,https://c.amazon-adsystem.com
309,https://pancake.apple.com
310,https://firebaselogging-pa.googleapis.com
311,https://ajax.googleapis.com
312,https://mzstatic.com
313,https://graph.instagram.com
314,https://adobe.io
315,https://beacons3.gvt2.com
316,https://beacons4.gvt2.com
317,https://nleditor.osi.office.net
318,https://ocws.officeapps.live.com
319,https://gateway.facebook.com
320,https://agkn.com
321,https://pixel.rubiconproject.com
322,https://fastly.net
323,https://match.adsrvr.org
324,https://metrics.icloud.com
325,https://js-agent.newrelic.com
326,https://whatsapp.net
327,https://lh4.googleusercontent.com
328,https://youtubei.googleapis.com
329,https://asyncgw.teams.microsoft.com
330,https://proxy.safebrowsing.apple
331,https://geo.prod.do.dsp.mp.microsoft.com
332,https://lh6.googleusercontent.com
333,https://tapad.com
334,https://sfx.ms
335,https://idsync.rlcdn.com
336,https://o.lencr.org
337,https://oneclient.sfx.ms
338,https://bluekai.com
339,https://trafficmanager.net
340,https://licdn.com
341,https://smartadserver.com
342,https://star.c10r.facebook.com
343,https://v.aaplimg.com
344,https://espresso-pa.clients6.google.com
345,https://taboola.com
346,https://acdc-direct.office.com
347,https://everesttech.net
348,https://media.net
349,https://quantserve.com
350,https://eb2.3lift.com
351,https://cloudapp.azure.com
352,https://i.instagram.com
353,https://r3.o.lencr.org
354,https://autodiscover-s.outlook.com
355,https://doubleverify.com
356,https://mathtag.com
357,https://ntp.org
358,https://pool.ntp.org
359,https://nam.loki.delve.office.com
360,https://dns.msftncsi.com
361,https://adsafeprotected.com
362,https://play.itunes.apple.com
363,https://licensing.mp.microsoft.com
364,https://ads.linkedin.com
365,https://init.ess.apple.com
366,https://analytics.google.com
367,https://play-lh.googleusercontent.com
368,https://kt-prod.ess.apple.com
369,https://g.live.com
370,https://ybp.yahoo.com
371,https://maps.googleapis.com
372,https://px.ads.linkedin.com
373,https://bat.bing.com
374,https://spotify.com
375,https://apple.news
376,https://wd.microsoft.com
377,https://res.cdn.office.net
378,https://c.apple.news
379,https://dscx.akamaiedge.net
380,https://storage.googleapis.com
381,https://asm.skype.com
382,https://img-s-msn-com.akamaized.net
383,https://cp.wd.microsoft.com
384,https://gspe79-ssl.ls.apple.com
385,https://dataservice.protection.outlook.com
386,https://ampproject.org
387,https://slscr.update.microsoft.com
388,https://cdn.ampproject.org
389,https://atm-fp-direct.office.com
390,https://us-prod.asyncgw.teams.microsoft.com
391,https://sharethrough.com
392,https://z.moatads.com
393,https://jsdelivr.net
394,https://oauthaccountmanager.googleapis.com
395,https://us-u.openx.net
396,https://cdn.jsdelivr.net
397,https://nel.cloudflare.com
398,https://a.nel.cloudflare.com
399,https://gum.criteo.com
400,https://pixel.tapad.com
401,https://init-p01md.apple.com
402,https://gspe35-ssl.ls.apple.com
403,https://www.amazon.com
404,https://e10499.dsce9.akamaiedge.net
405,https://inappcheck.itunes.apple.com
406,https://tiktokv.com
407,https://dl.delivery.mp.microsoft.com
408,https://typekit.net
409,https://appsflyer.com
410,https://us-west-2.amazonaws.com
411,https://cookielaw.org
412,https://cdn.cookielaw.org
413,https://ssum-sec.casalemedia.com
414,https://dotomi.com
415,https://gmail.com
416,https://imasdk.googleapis.com
417,https://gateway.instagram.com
418,https://pr-bh.ybp.yahoo.com
419,https://pubads.g.doubleclick.net
420,https://crwdcntrl.net
421,https://edgesuite.net
422,https://tlu.dl.delivery.mp.microsoft.com
423,https://umbrella.com
424,https://aa.agkn.com
425,https://dns.opendns.com
426,https://ingest.sentry.io
427,https://akamaihd.net
428,https://configuration.apple.com
429,https://cdn.doubleverify.com
430,https://secure.adnxs.com
431,https://1rx.io
432,https://dns.umbrella.com
433,https://lijit.com
434,https://api3.cc.skype.com
435,https://api.smoot.apple.com
436,https://clients1.google.com
437,https://nrdp52-appboot.netflix.com
438,https://cdninstagram.com
439,https://mask.apple-dns.net
440,https://hbopenbid.pubmatic.com
441,https://px.moatads.com
442,https://bidr.io
443,https://init-cdn.itunes-apple.com.akadns.net
444,https://prod.bidr.io
445,https://yimg.com
446,https://use.typekit.net
447,https://sync.mathtag.com
448,https://id5-sync.com
449,https://s.yimg.com
450,https://criteo.net
451,https://fastlane.rubiconproject.com
452,https://com.edgesuite.net
453,https://ocsp2-lb.apple.com.akadns.net
454,https://tps.doubleverify.com
455,https://liadm.com
456,https://suite.office.com
457,https://webshell.suite.office.com
458,https://config.office.net
459,https://clients.config.office.net
460,https://scontent.xx.fbcdn.net
461,https://userstore.skype.com
462,https://api.userstore.skype.com
463,https://people-pa.clients6.google.com
464,https://ow1.res.office365.com
465,https://crashlytics.com
466,https://notifications-pa.googleapis.com
467,https://augloop.office.com
468,https://us-east-1.elb.amazonaws.com
469,https://pinterest.com
470,https://ads.pubmatic.com
471,https://sectigo.com
472,https://mesu-cdn.origin-apple.com.akadns.net
473,https://firebaseremoteconfig.googleapis.com
474,https://ha.office365.com
475,https://outlook.ha.office365.com
476,https://match.prod.bidr.io
477,https://secure.netflix.com
478,https://htlb.casalemedia.com
479,https://events.launchdarkly.com
480,https://token.safebrowsing.apple
481,https://outbrain.com
482,https://media-amazon.com
483,https://icloud-content.com
484,https://res-1.cdn.office.net
485,https://adobedtm.com
486,https://krxd.net
487,https://assets.adobedtm.com
488,https://m.media-amazon.com
489,https://zemanta.com
490,https://adsymptotic.com
491,https://p.adsymptotic.com
492,https://aax-dtb-cf.amazon-adsystem.com
493,https://classroom.google.com
494,https://fls.doubleclick.net
495,https://mask-api.icloud.com
496,https://gsp64-ssl.ls.apple.com
497,https://apps.apple.com
498,https://adform.net
499,https://tremorhub.com
500,https://us-api.asm.skype.com
501,https://tlx.3lift.com
502,https://contextweb.com
503,https://sync.1rx.io
504,https://api.snapchat.com
505,https://cisco.com
506,https://match.sharethrough.com
507,https://dsum-sec.casalemedia.com
508,https://mqtt.c10r.facebook.com
509,https://nav-edge.smartscreen.microsoft.com
510,https://pendo.io
511,https://t.co
512,https://csp.withgoogle.com
513,https://spotxchange.com
514,https://waconatm.officeapps.live.com
515,https://search.spotxchange.com
516,https://stags.bluekai.com
517,https://content.office.net
518,https://waconafd.officeapps.live.com
519,https://support.content.office.net
520,https://entrust.net
521,https://wg.spotify.com
522,https://spclient.wg.spotify.com
523,https://g.whatsapp.net
524,https://apps.mzstatic.com
525,https://pinimg.com
526,https://bh.contextweb.com
527,https://dds.microsoft.com
528,https://lh3.google.com
529,https://cc-api-data.adobe.io
530,https://nelreports.net
531,https://internal
532,https://ocsp.entrust.net
533,https://bootstrapcdn.com
534,https://people-pa.googleapis.com
535,https://dt.adsafeprotected.com
536,https://id.rlcdn.com
537,https://imap.gmail.com
538,https://sitescout.com
539,https://google.internal
540,https://metadata.google.internal
541,https://tags.bluekai.com
542,https://cdp.microsoft.com
543,https://api.cdp.microsoft.com
544,https://static.adsafeprotected.com
545,https://msedge.api.cdp.microsoft.com
546,https://turn.com
547,https://eus.rubiconproject.com
548,https://clientstream.launchdarkly.com
549,https://beacon.krxd.net
550,https://emxdgt.com
551,https://token.rubiconproject.com
552,https://i.liadm.com
553,https://contextual.media.net
554,https://msgr-latest.c10r.facebook.com
555,https://engagement.office.com
556,https://messaging.engagement.office.com
557,https://analytics.twitter.com
558,https://nflxso.net
559,https://360yield.com
560,https://b1sync.zemanta.com
561,https://go-mpulse.net
562,https://appcenter.ms
563,https://rtb-csync.smartadserver.com
564,https://tiktokcdn.com
565,https://creativecdn.com
566,https://android.apis.google.com
567,https://fontawesome.com
568,https://1.nflxso.net
569,https://ssp.yahoo.com
570,https://teads.tv
571,https://firebase-settings.crashlytics.com
572,https://sync-tm.everesttech.net
573,https://indexww.com
574,https://inbox.google.com
575,https://us.tiktokv.com
576,https://insight.adsrvr.org
577,https://fe2cr.update.microsoft.com
578,https://x2.c.lencr.org
579,https://acdn.adnxs.com
580,https://braze.com
581,https://omtrdc.net
582,https://verisign.com
583,https://mask-h2.icloud.com
584,https://onetrust.com
585,https://mrodevicemgr.officeapps.live.com
586,https://fbs.smoot.apple.com
587,https://edgekey.net
588,https://in.appcenter.ms
589,https://addthis.com
590,https://ocsp.sectigo.com
591,https://pixel-sync.sitescout.com
592,https://sync.search.spotxchange.com
593,https://dscw154.akamai.net
594,https://api.amazon.com
595,https://firebaseinstallations.googleapis.com
596,https://bugsnag.com
597,https://image8.pubmatic.com
598,https://w55c.net
599,https://download.windowsupdate.com
600,https://nexus.officeapps.live.com
601,https://p.typekit.net
602,https://d.agkn.com
603,https://branch.io
604,https://ap.lijit.com
605,https://js-sec.indexww.com
606,https://lcdn-locator.apple.com
607,https://gsp-ssl.ls-apple.com.akadns.net
608,https://cs.dds.microsoft.com
609,https://smp-device-content.apple.com
610,https://android.com
611,https://guzzoni-apple-com.v.aaplimg.com
612,https://msftauth.net
613,https://hotjar.com
614,https://fna.fbcdn.net
615,https://launches.appsflyer.com
616,https://pixel.adsafeprotected.com
617,https://stackadapt.com
618,https://srv.stackadapt.com
619,https://trustarc.com
620,https://c.go-mpulse.net
621,https://cloudflare.net
622,https://exo.nel.measure.office.net
623,https://cdn.cloudflare.net
624,https://tiktok.com
625,https://l.googleusercontent.com
626,https://ads-twitter.com
627,https://static.ads-twitter.com
628,https://smaato.net
629,https://stickyadstv.com
630,https://uci.cdn.office.net
631,https://yieldmo.com
632,https://passwordsleakcheck-pa.googleapis.com
633,https://gcp.api.snapchat.com
634,https://news-edge.apple.com
635,https://unitedstates.cp.wd.microsoft.com
636,https://ads.stickyadstv.com
637,https://ad.smaato.net
638,https://clever.com
639,https://c1.adform.net
640,https://evoke-windowsservices-tas.msedge.net
641,https://ci3.googleusercontent.com
642,https://chat.google.com
643,https://www.linkedin.com
644,https://cms.quantserve.com
645,https://amplitude.com
646,https://ads.yieldmo.com
647,https://aws.api.snapchat.com
648,https://crl.verisign.com
649,https://time.android.com
650,https://33across.com
651,https://aws-proxy-gcp.api.snapchat.com
652,https://static.hotjar.com
653,https://mb.moatads.com
654,https://api2.branch.io
655,https://pixel.quantserve.com
656,https://grammarly.com
657,https://simage2.pubmatic.com
658,https://apple.com.edgesuite.net
659,https://setup.icloud.com
660,https://captive.apple.com
661,https://c.msn.com
662,https://static.criteo.net
663,https://amp-api-edge.apps.apple.com
664,https://rtb0.doubleverify.com
665,https://truste.com
666,https://a.akamaiedge.net
667,https://u.openx.net
668,https://goguardian.com
669,https://cl3.apple.com
670,https://imrworldwide.com
671,https://geo.moatads.com
672,https://gspe1-ssl.ls.apple.com
673,https://sonobi.com
674,https://go.sonobi.com
675,https://sc-cdn.net
676,https://unitedstates.smartscreen-prod.microsoft.com
677,https://s.ad.smaato.net
678,https://geolocation.onetrust.com
679,https://aad.cs.dds.microsoft.com
680,https://image6.pubmatic.com
681,https://stocks-data-service.apple.com
682,https://e6858.dscx.akamaiedge.net
683,https://rfihub.com
684,https://ad.360yield.com
685,https://jquery.com
686,https://stocks-sparkline.apple.com
687,https://code.jquery.com
688,https://us-v10.events.data.microsoft.com
689,https://us-east1-aws.api.snapchat.com
690,https://twimg.com
691,https://virtualearth.net
692,https://sync.srv.stackadapt.com
693,https://trc.taboola.com
694,https://history.google.com
695,https://grammarly.io
696,https://pippio.com
697,https://wns.windows.com
698,https://me.apple-dns.net
699,https://crl3.digicert.com
700,https://dis.criteo.com
701,https://bid.g.doubleclick.net
702,https://app.launchdarkly.com
703,https://ip.goguardian.com
704,https://app-analytics-v2.snapchat.com
705,https://s.pinimg.com
706,https://skydrive.wns.windows.com
707,https://choices.truste.com
708,https://flashtalking.com
709,https://us-central1-gcp.api.snapchat.com
710,https://live.net
711,https://dev.virtualearth.net
712,https://optimizely.com
713,https://p.rfihub.com
714,https://choices.trustarc.com
715,https://bttrack.com
716,https://devicelistenerprod.microsoft.com
717,https://tiktokcdn-us.com
718,https://pm.w55c.net
719,https://treatment.grammarly.com
720,https://omnitagjs.com
721,https://simpli.fi
722,https://snat.goguardian.com
723,https://gdmf.apple.com
724,https://ntp.msn.com
725,https://us.criteo.net
726,https://eastus.cloudapp.azure.com
727,https://onetag-sys.com
728,https://mixpanel.com
729,https://1-courier.push.apple.com
730,https://calendar.google.com
731,https://sessions.bugsnag.com
732,https://courier-push-apple.com.akadns.net
733,https://advertising.com
734,https://bidder.criteo.com
735,https://mookie1.com
736,https://gs-loc-new.ls-apple.com.akadns.net
737,https://sync.outbrain.com
738,https://appsitemsuggest-pa.googleapis.com
739,https://usertrust.com
740,https://quantcount.com
741,https://waluigi.goguardian.com
742,https://snap.licdn.com
743,https://ad.turn.com
744,https://exelator.com
745,https://ssl-images-amazon.com
746,https://com.cdn.cloudflare.net
747,https://femetrics.grammarly.io
748,https://inquisition.goguardian.com
749,https://visualstudio.com
750,https://maxcdn.bootstrapcdn.com
751,https://cdn.whatsapp.net
752,https://sync.crwdcntrl.net
753,https://unrulymedia.com
754,https://targeting.unrulymedia.com
755,https://a2z.com
756,https://commnat-main-gc.ess.apple.com
757,https://data.msn.com
758,https://platform.twitter.com
759,https://ci5.googleusercontent.com
760,https://events.data.msn.com
761,https://browser.events.data.msn.com
762,https://oauth2.googleapis.com
763,https://loopme.me
764,https://csync.loopme.me
765,https://servedby.flashtalking.com
766,https://cdn.optimizely.com
767,https://rapid7.com
768,https://cf-st.sc-cdn.net
769,https://mobile.pipe.aria.microsoft.com
770,https://e1.emxdgt.com
771,https://tribalfusion.com
772,https://commnat-cohort-gc.ess.apple.com
773,https://pbs.twimg.com
774,https://p13n.adobe.io
775,https://ci6.googleusercontent.com
776,https://accountcapabilities-pa.googleapis.com
777,https://c10r.instagram.com
778,https://iadsdk.apple.com
779,https://googlehosted.l.googleusercontent.com
780,https://endpoint.ingress.rapid7.com
781,https://ingress.rapid7.com
782,https://ci4.googleusercontent.com
783,https://images-na.ssl-images-amazon.com
784,https://unpkg.com
785,https://api.rlcdn.com
786,https://ct.pinterest.com
787,https://srtb.msn.com
788,https://zoom.us
789,https://analytics.tiktok.com
790,https://xp.itunes-apple.com.akadns.net
791,https://fw.adsafeprotected.com
792,https://appsforoffice.microsoft.com
793,https://trafficshaping.dsp.mp.microsoft.com
794,https://tsfe.trafficshaping.dsp.mp.microsoft.com
795,https://a.tribalfusion.com
796,https://app.snapchat.com
797,https://script.hotjar.com
798,https://countvoncount.goguardian.com
799,https://beap-bc.yahoo.com
800,https://svc.ms
801,https://instagram.c10r.instagram.com
802,https://stripe.com
803,https://ssbsync.smartadserver.com
804,https://aax.amazon-adsystem.com
805,https://image4.pubmatic.com
806,https://data.pendo.io
807,https://cdn.pendo.io
808,https://services.visualstudio.com
809,https://query.yahoo.com
810,https://um.simpli.fi
811,https://iad-01.braze.com
812,https://dc.services.visualstudio.com
813,https://pubgw.yahoo.com
814,https://translate.googleapis.com
815,https://deepintent.com
816,https://z-p42-chat-e2ee-ig.facebook.com
817,https://accounts.youtube.com
818,https://ipredictive.com
819,https://sdk.iad-01.braze.com
820,https://cloudsearch.googleapis.com
821,https://kv601.prod.do.dsp.mp.microsoft.com
822,https://company-target.com
823,https://mozilla.com
824,https://gumgum.com
825,https://services.mozilla.com
826,https://sync.go.sonobi.com
827,https://visitor.omnitagjs.com
828,https://upload2.fp.measure.office.com
829,https://us-east4-gcp.api.snapchat.com
830,https://inappcheck-lb.itunes-apple.com.akadns.net
831,https://mqtt-mini.facebook.com
832,https://match.deepintent.com
833,https://static.xx.fbcdn.net
834,https://moatpixel.com
835,https://s.moatpixel.com
836,https://swallow.apple.com
837,https://c2shb.pubgw.yahoo.com
838,https://lb-apple.com.akadns.net
839,https://pusher.com
840,https://partner.googleadservices.com
841,https://mail-ads.google.com
842,https://a-mo.net
843,https://ce.lijit.com
844,https://reddit.com
845,https://fcdn.us.tiktokv.com
846,https://playatoms-pa.googleapis.com
847,https://duplex.snapchat.com
848,https://aws.duplex.snapchat.com
849,https://use.fontawesome.com
850,https://technoratimedia.com
851,https://rules.quantcount.com
852,https://unitedstates.smartscreen.microsoft.com
853,https://grid.bidswitch.net
854,https://centralus.cloudapp.azure.com
855,https://ssc-cms.33across.com
856,https://apple-cloudkit.com
857,https://metaservices.microsoft.com
858,https://prebid.a-mo.net
859,https://drive-thirdparty.googleusercontent.com
860,https://secure-assets.rubiconproject.com
861,https://westus.cloudapp.azure.com
862,https://dmd.metaservices.microsoft.com
863,https://r.manage.microsoft.com
864,https://api.apple-cloudkit.com
865,https://webex.com
866,https://inmobi.com
867,https://gsp10-ssl.apple.com
868,https://g.akamaiedge.net
869,https://cms.analytics.yahoo.com
870,https://instructure.com
871,https://oribi.io
872,https://gsas.apple.com
873,https://global.fastly.net
874,https://dscg.akamaiedge.net
875,https://aax-us-east.amazon-adsystem.com
876,https://android-context-data.googleapis.com
877,https://idsync.analytics.yahoo.com
878,https://msauth.net
879,https://redirector.googlevideo.com
880,https://bcp.crwdcntrl.net
881,https://ttlivecdn.com
882,https://image2.pubmatic.com
883,https://storecatalogrevocation.storequality.microsoft.com
884,https://storequality.microsoft.com
885,https://prebid-server.rubiconproject.com
886,https://linkedin.oribi.io
887,https://cdn.linkedin.oribi.io
888,https://disc601.prod.do.dsp.mp.microsoft.com
889,https://btlr.sharethrough.com
890,https://btloader.com
891,https://pubsub.googleapis.com
892,https://fp.msedge.net
893,https://owneriq.net
894,https://sc-static.net
895,https://safebrowsing-proxy.g.aaplimg.com
896,https://service.idsync.analytics.yahoo.com
897,https://dyntrk.com
898,https://notify.adobe.io
899,https://px.owneriq.net
900,https://cdn.js7k.com
901,https://js7k.com
902,https://googleoptimize.com
903,https://www.googleoptimize.com
904,https://cl2.apple.com
905,https://mfadsrvr.com
906,https://socdm.com
907,https://classlink.com
908,https://adjust.com
909,https://sync.ipredictive.com
910,https://pixel.mathtag.com
911,https://b-graph.facebook.com
912,https://yahoodns.net
913,https://winatp-gw-eus.microsoft.com
914,https://scontent.cdninstagram.com
915,https://secure.quantserve.com
916,https://apresolve.spotify.com
917,https://tg.socdm.com
918,https://quiddity.goguardian.com
919,https://iris.microsoft.com
920,https://api.iris.microsoft.com
921,https://dlx.addthis.com
922,https://s.youtube.com
923,https://ocsp.usertrust.com
924,https://tr.snapchat.com
925,https://r.bing.com
926,https://com.edgekey.net
927,https://mail.yahoo.com
928,https://valid.apple.com
929,https://vars.hotjar.com
930,https://postrelease.com
931,https://gs-loc.ls-apple.com.akadns.net
932,https://pull-f5-va01.tiktokcdn.com
933,https://umwatson.events.data.microsoft.com
934,https://tt.omtrdc.net
935,https://comodoca.com
936,https://sync.targeting.unrulymedia.com
937,https://rtb.mfadsrvr.com
938,https://fb.com
939,https://wbx2.com
940,https://kinesis.us-east-1.amazonaws.com
941,https://cdn.id5-sync.com
942,https://st.pubmatic.com
943,https://peoplestack-pa.googleapis.com
944,https://gcdn.2mdn.net
945,https://stocks-data-service.lb-apple.com.akadns.net
946,https://youtube-ui.l.google.com
947,https://qualtrics.com
948,https://eyeota.net
949,https://ps.eyeota.net
950,https://iphone-ld.origin-apple.com.akadns.net
951,https://odr.mookie1.com
952,https://portal.fb.com
953,https://myanalytics.cdn.office.net
954,https://pull-w5-sg01.tiktokcdn.com
955,https://cl4.apple.com
956,https://api16-normal-useast5.us.tiktokv.com
957,https://aptrinsic.com
958,https://c.2mdn.net
959,https://agave.myanalytics.cdn.office.net
960,https://godaddy.com
961,https://partners.tremorhub.com
962,https://msidentity.com
963,https://pull-w5-va01.tiktokcdn.com
964,https://pull-q5-sg01.tiktokcdn.com
965,https://pull-cmaf-f16-sg01.tiktokcdn.com
966,https://client-api.itunes.apple.com
967,https://yt3.googleusercontent.com
968,https://m.stripe.com
969,https://pull-f5-tt01.tiktokcdn.com
970,https://tiqcdn.com
971,https://pull-a5-tt02-infra.fcdn.us.tiktokv.com
972,https://sync.taboola.com
973,https://pixel-us-east.rubiconproject.com
974,https://contacts.fe.apple-dns.net
975,https://js.stripe.com
976,https://pull-o5-sg01.tiktokcdn.com
977,https://pull-a5-gcp01.tiktokcdn.com
978,https://pull-cmaf-f16-tt02.fcdn.us.tiktokv.com
979,https://tags.tiqcdn.com
980,https://pull-q5-va01.tiktokcdn.com
981,https://pull-f5-tt02-infra.fcdn.us.tiktokv.com
982,https://pull-cmaf-f58-sg01.tiktokcdn.com
983,https://pull-cmaf-l16-tt01.tiktokcdn-us.com
984,https://pull-f5-tt01.fcdn.us.tiktokv.com
985,https://pull-f5-gcp01.tiktokcdn.com
986,https://login.windows.net
987,https://kv501.prod.do.dsp.mp.microsoft.com
988,https://pull-cmaf-f16-va01.tiktokcdn.com
989,https://pull-a5-sg01.tiktokcdn.com
990,https://dit.whatsapp.net
991,https://pull-f5-sg01.ttlivecdn.com
992,https://pull-cmaf-f16-tt02.tiktokcdn.com
993,https://pull-cmaf-f16-sg01.ttlivecdn.com
994,https://pull-a5-va01.tiktokcdn.com
995,https://doh.opendns.com
996,https://pull-cmaf-l16-sg01.tiktokcdn.com
997,https://pull-f5-gcp01.ttlivecdn.com
998,https://gu.dyntrk.com
999,https://dscb.akamaiedge.net
1000,https://pull-f5-va01.ttlivecdn.com
